,Extinctions,Tot_Pop,Tot_Pop_A,Tot_Pop_B,Tot_Pop_C,Tot_Pop_D,Pop,Pop_A,Pop_B,Pop_C,Pop_D,Niche,niche_A,niche_B,niche_C,niche_D
0,0,0.0,0.0,0.0,0.0,0.0,[[0.]],[[0.]],[[0.]],[[0.]],[[0.]],[[0.]],[[0.]],[[0.]],[[0.]],[[0.]]
1,0,5.0,2.0,3.0,0.0,0.0,[[5.]],[[2.]],[[3.]],[[0.]],[[0.]],[[0.]],[[2.]],[[0.]],[[0.]],[[0.]]
2,0,10.0,6.0,4.0,0.0,0.0,[[10.]],[[6.]],[[4.]],[[0.]],[[0.]],[[0.]],[[3.55301037]],[[0.]],[[0.]],[[0.]]
3,0,15.0,10.0,5.0,0.0,0.0,[[15.]],[[10.]],[[5.]],[[0.]],[[0.]],[[0.]],[[4.56988419]],[[0.]],[[0.]],[[0.]]
4,0,20.0,14.0,6.0,0.0,0.0,[[20.]],[[14.]],[[6.]],[[0.]],[[0.]],[[0.]],[[5.39002677]],[[0.]],[[0.]],[[0.]]
5,0,25.0,18.0,7.0,0.0,0.0,[[25.]],[[18.]],[[7.]],[[0.]],[[0.]],[[0.]],[[6.09734545]],[[0.]],[[0.]],[[0.]]
6,0,30.0,22.0,8.0,0.0,0.0,[[30.]],[[22.]],[[8.]],[[0.]],[[0.]],[[0.]],[[6.72884834]],[[0.]],[[0.]],[[0.]]
7,0,35.0,25.0,10.0,0.0,0.0,[[35.]],[[25.]],[[10.]],[[0.]],[[0.]],[[0.]],[[7.16525669]],[[0.]],[[0.]],[[0.]]
8,0,40.0,30.0,10.0,0.0,0.0,[[40.]],[[30.]],[[10.]],[[0.]],[[0.]],[[0.]],[[7.83782063]],[[0.]],[[0.]],[[0.]]
9,0,45.0,34.0,11.0,0.0,0.0,[[45.]],[[34.]],[[11.]],[[0.]],[[0.]],[[0.]],[[8.33628015]],[[0.]],[[0.]],[[0.]]
10,0,50.0,39.0,11.0,0.0,0.0,[[50.]],[[39.]],[[11.]],[[0.]],[[0.]],[[0.]],[[8.91973521]],[[0.]],[[0.]],[[0.]]
11,0,55.0,44.0,11.0,0.0,0.0,[[55.]],[[44.]],[[11.]],[[0.]],[[0.]],[[0.]],[[9.46686665]],[[0.]],[[0.]],[[0.]]
12,0,58.0,46.0,12.0,0.0,0.0,[[58.]],[[46.]],[[12.]],[[0.]],[[0.]],[[0.]],[[9.88254868]],[[0.]],[[0.]],[[0.]]
13,0,59.0,47.0,12.0,0.0,0.0,[[59.]],[[47.]],[[12.]],[[0.]],[[0.]],[[0.]],[[10.37853451]],[[0.]],[[0.]],[[0.]]
14,0,60.0,48.0,12.0,0.0,0.0,[[60.]],[[48.]],[[12.]],[[0.]],[[0.]],[[0.]],[[10.85167072]],[[0.]],[[0.]],[[0.]]
15,0,61.0,47.0,14.0,0.0,0.0,[[61.]],[[47.]],[[14.]],[[0.]],[[0.]],[[0.]],[[11.1258173]],[[0.]],[[0.]],[[0.]]
16,0,62.0,47.0,15.0,0.0,0.0,[[62.]],[[47.]],[[15.]],[[0.]],[[0.]],[[0.]],[[11.48108737]],[[0.]],[[0.]],[[0.]]
17,0,63.0,48.0,15.0,0.0,0.0,[[63.]],[[48.]],[[15.]],[[0.]],[[0.]],[[0.]],[[11.91017187]],[[0.]],[[0.]],[[0.]]
18,0,65.0,49.0,16.0,0.0,0.0,[[65.]],[[49.]],[[16.]],[[0.]],[[0.]],[[0.]],[[12.24254112]],[[0.]],[[0.]],[[0.]]
19,0,65.0,49.0,16.0,0.0,0.0,[[65.]],[[49.]],[[16.]],[[0.]],[[0.]],[[0.]],[[12.64564408]],[[0.]],[[0.]],[[0.]]
20,0,66.0,50.0,16.0,0.0,0.0,[[66.]],[[50.]],[[16.]],[[0.]],[[0.]],[[0.]],[[13.03621207]],[[0.]],[[0.]],[[0.]]
21,0,66.0,50.0,16.0,0.0,0.0,[[66.]],[[50.]],[[16.]],[[0.]],[[0.]],[[0.]],[[13.41534852]],[[0.]],[[0.]],[[0.]]
22,0,63.0,49.0,14.0,0.0,0.0,[[63.]],[[49.]],[[14.]],[[0.]],[[0.]],[[0.]],[[13.71106996]],[[0.]],[[0.]],[[0.]]
23,0,63.0,49.0,14.0,0.0,0.0,[[63.]],[[49.]],[[14.]],[[0.]],[[0.]],[[0.]],[[14.00051373]],[[0.]],[[0.]],[[0.]]
24,0,62.0,49.0,13.0,0.0,0.0,[[62.]],[[49.]],[[13.]],[[0.]],[[0.]],[[0.]],[[14.35407213]],[[0.]],[[0.]],[[0.]]
25,0,61.0,49.0,12.0,0.0,0.0,[[61.]],[[49.]],[[12.]],[[0.]],[[0.]],[[0.]],[[14.69908824]],[[0.]],[[0.]],[[0.]]
26,0,62.0,51.0,11.0,0.0,0.0,[[62.]],[[51.]],[[11.]],[[0.]],[[0.]],[[0.]],[[15.03615371]],[[0.]],[[0.]],[[0.]]
27,0,62.0,52.0,10.0,0.0,0.0,[[62.]],[[52.]],[[10.]],[[0.]],[[0.]],[[0.]],[[15.36579487]],[[0.]],[[0.]],[[0.]]
28,0,60.0,52.0,8.0,0.0,0.0,[[60.]],[[52.]],[[8.]],[[0.]],[[0.]],[[0.]],[[15.68848234]],[[0.]],[[0.]],[[0.]]
29,0,61.0,52.0,9.0,0.0,0.0,[[61.]],[[52.]],[[9.]],[[0.]],[[0.]],[[0.]],[[15.94191127]],[[0.]],[[0.]],[[0.]]
30,0,60.0,52.0,8.0,0.0,0.0,[[60.]],[[52.]],[[8.]],[[0.]],[[0.]],[[0.]],[[16.25311988]],[[0.]],[[0.]],[[0.]]
31,0,60.0,52.0,8.0,0.0,0.0,[[60.]],[[52.]],[[8.]],[[0.]],[[0.]],[[0.]],[[16.55845864]],[[0.]],[[0.]],[[0.]]
32,0,60.0,52.0,8.0,0.0,0.0,[[60.]],[[52.]],[[8.]],[[0.]],[[0.]],[[0.]],[[16.85824807]],[[0.]],[[0.]],[[0.]]
33,0,60.0,52.0,8.0,0.0,0.0,[[60.]],[[52.]],[[8.]],[[0.]],[[0.]],[[0.]],[[17.09428138]],[[0.]],[[0.]],[[0.]]
34,0,61.0,53.0,8.0,0.0,0.0,[[61.]],[[53.]],[[8.]],[[0.]],[[0.]],[[0.]],[[17.38480189]],[[0.]],[[0.]],[[0.]]
35,0,61.0,53.0,8.0,0.0,0.0,[[61.]],[[53.]],[[8.]],[[0.]],[[0.]],[[0.]],[[17.67053099]],[[0.]],[[0.]],[[0.]]
36,0,59.0,53.0,6.0,0.0,0.0,[[59.]],[[53.]],[[6.]],[[0.]],[[0.]],[[0.]],[[17.95169844]],[[0.]],[[0.]],[[0.]]
37,0,58.0,52.0,6.0,0.0,0.0,[[58.]],[[52.]],[[6.]],[[0.]],[[0.]],[[0.]],[[18.17349099]],[[0.]],[[0.]],[[0.]]
38,0,58.0,51.0,7.0,0.0,0.0,[[58.]],[[51.]],[[7.]],[[0.]],[[0.]],[[0.]],[[18.39260116]],[[0.]],[[0.]],[[0.]]
39,0,57.0,51.0,6.0,0.0,0.0,[[57.]],[[51.]],[[6.]],[[0.]],[[0.]],[[0.]],[[18.66286113]],[[0.]],[[0.]],[[0.]]
40,0,58.0,52.0,6.0,0.0,0.0,[[58.]],[[52.]],[[6.]],[[0.]],[[0.]],[[0.]],[[18.92925193]],[[0.]],[[0.]],[[0.]]
41,0,58.0,52.0,6.0,0.0,0.0,[[58.]],[[52.]],[[6.]],[[0.]],[[0.]],[[0.]],[[19.19193527]],[[0.]],[[0.]],[[0.]]
42,0,58.0,52.0,6.0,0.0,0.0,[[58.]],[[52.]],[[6.]],[[0.]],[[0.]],[[0.]],[[19.4510619]],[[0.]],[[0.]],[[0.]]
43,0,57.0,52.0,5.0,0.0,0.0,[[57.]],[[52.]],[[5.]],[[0.]],[[0.]],[[0.]],[[19.70677261]],[[0.]],[[0.]],[[0.]]
44,0,57.0,53.0,4.0,0.0,0.0,[[57.]],[[53.]],[[4.]],[[0.]],[[0.]],[[0.]],[[19.95919915]],[[0.]],[[0.]],[[0.]]
45,0,57.0,52.0,5.0,0.0,0.0,[[57.]],[[52.]],[[5.]],[[0.]],[[0.]],[[0.]],[[20.15885902]],[[0.]],[[0.]],[[0.]]
46,0,57.0,52.0,5.0,0.0,0.0,[[57.]],[[52.]],[[5.]],[[0.]],[[0.]],[[0.]],[[20.40568012]],[[0.]],[[0.]],[[0.]]
47,0,57.0,51.0,6.0,0.0,0.0,[[57.]],[[51.]],[[6.]],[[0.]],[[0.]],[[0.]],[[20.60100286]],[[0.]],[[0.]],[[0.]]
48,0,58.0,52.0,6.0,0.0,0.0,[[58.]],[[52.]],[[6.]],[[0.]],[[0.]],[[0.]],[[20.84257639]],[[0.]],[[0.]],[[0.]]
49,0,59.0,53.0,6.0,0.0,0.0,[[59.]],[[53.]],[[6.]],[[0.]],[[0.]],[[0.]],[[21.08137556]],[[0.]],[[0.]],[[0.]]
50,0,58.0,52.0,6.0,0.0,0.0,[[58.]],[[52.]],[[6.]],[[0.]],[[0.]],[[0.]],[[21.27048039]],[[0.]],[[0.]],[[0.]]
51,0,0.0,0.0,0.0,0.0,0.0,[[0.]],[[0.]],[[0.]],[[0.]],[[0.]],[[0.]],[[21.27048039]],[[0.]],[[0.]],[[0.]]
52,1,5.0,4.0,1.0,0.0,0.0,[[5.]],[[4.]],[[1.]],[[0.]],[[0.]],[[0.]],[[21.45791506]],[[0.]],[[0.]],[[0.]]
53,1,10.0,9.0,1.0,0.0,0.0,[[10.]],[[9.]],[[1.]],[[0.]],[[0.]],[[0.]],[[21.68992588]],[[0.]],[[0.]],[[0.]]
54,1,15.0,14.0,1.0,0.0,0.0,[[15.]],[[14.]],[[1.]],[[0.]],[[0.]],[[0.]],[[21.9194759]],[[0.]],[[0.]],[[0.]]
55,1,20.0,19.0,1.0,0.0,0.0,[[20.]],[[19.]],[[1.]],[[0.]],[[0.]],[[0.]],[[22.14664183]],[[0.]],[[0.]],[[0.]]
56,1,25.0,22.0,3.0,0.0,0.0,[[25.]],[[22.]],[[3.]],[[0.]],[[0.]],[[0.]],[[22.28182749]],[[0.]],[[0.]],[[0.]]
57,1,30.0,27.0,3.0,0.0,0.0,[[30.]],[[27.]],[[3.]],[[0.]],[[0.]],[[0.]],[[22.50532886]],[[0.]],[[0.]],[[0.]]
58,1,35.0,32.0,3.0,0.0,0.0,[[35.]],[[32.]],[[3.]],[[0.]],[[0.]],[[0.]],[[22.72662803]],[[0.]],[[0.]],[[0.]]
59,1,40.0,37.0,3.0,0.0,0.0,[[40.]],[[37.]],[[3.]],[[0.]],[[0.]],[[0.]],[[22.94578889]],[[0.]],[[0.]],[[0.]]
60,1,45.0,42.0,3.0,0.0,0.0,[[45.]],[[42.]],[[3.]],[[0.]],[[0.]],[[0.]],[[23.1628723]],[[0.]],[[0.]],[[0.]]
61,1,50.0,47.0,3.0,0.0,0.0,[[50.]],[[47.]],[[3.]],[[0.]],[[0.]],[[0.]],[[23.37793626]],[[0.]],[[0.]],[[0.]]
62,1,55.0,52.0,3.0,0.0,0.0,[[55.]],[[52.]],[[3.]],[[0.]],[[0.]],[[0.]],[[23.59103614]],[[0.]],[[0.]],[[0.]]
63,1,56.0,53.0,3.0,0.0,0.0,[[56.]],[[53.]],[[3.]],[[0.]],[[0.]],[[0.]],[[23.80222482]],[[0.]],[[0.]],[[0.]]
64,1,56.0,52.0,4.0,0.0,0.0,[[56.]],[[52.]],[[4.]],[[0.]],[[0.]],[[0.]],[[23.96983374]],[[0.]],[[0.]],[[0.]]
65,1,56.0,52.0,4.0,0.0,0.0,[[56.]],[[52.]],[[4.]],[[0.]],[[0.]],[[0.]],[[24.17770816]],[[0.]],[[0.]],[[0.]]
66,1,56.0,52.0,4.0,0.0,0.0,[[56.]],[[52.]],[[4.]],[[0.]],[[0.]],[[0.]],[[24.38380748]],[[0.]],[[0.]],[[0.]]
67,1,58.0,53.0,5.0,0.0,0.0,[[58.]],[[53.]],[[5.]],[[0.]],[[0.]],[[0.]],[[24.54743899]],[[0.]],[[0.]],[[0.]]
68,1,58.0,53.0,5.0,0.0,0.0,[[58.]],[[53.]],[[5.]],[[0.]],[[0.]],[[0.]],[[24.75045463]],[[0.]],[[0.]],[[0.]]
69,1,58.0,52.0,6.0,0.0,0.0,[[58.]],[[52.]],[[6.]],[[0.]],[[0.]],[[0.]],[[24.91167401]],[[0.]],[[0.]],[[0.]]
70,1,58.0,52.0,6.0,0.0,0.0,[[58.]],[[52.]],[[6.]],[[0.]],[[0.]],[[0.]],[[25.11174043]],[[0.]],[[0.]],[[0.]]
71,1,58.0,52.0,6.0,0.0,0.0,[[58.]],[[52.]],[[6.]],[[0.]],[[0.]],[[0.]],[[25.31022297]],[[0.]],[[0.]],[[0.]]
72,1,58.0,52.0,6.0,0.0,0.0,[[58.]],[[52.]],[[6.]],[[0.]],[[0.]],[[0.]],[[25.50715867]],[[0.]],[[0.]],[[0.]]
73,1,57.0,51.0,6.0,0.0,0.0,[[57.]],[[51.]],[[6.]],[[0.]],[[0.]],[[0.]],[[25.6636175]],[[0.]],[[0.]],[[0.]]
74,1,57.0,51.0,6.0,0.0,0.0,[[57.]],[[51.]],[[6.]],[[0.]],[[0.]],[[0.]],[[25.85785778]],[[0.]],[[0.]],[[0.]]
75,1,58.0,52.0,6.0,0.0,0.0,[[58.]],[[52.]],[[6.]],[[0.]],[[0.]],[[0.]],[[26.05064765]],[[0.]],[[0.]],[[0.]]
76,1,58.0,52.0,6.0,0.0,0.0,[[58.]],[[52.]],[[6.]],[[0.]],[[0.]],[[0.]],[[26.24201912]],[[0.]],[[0.]],[[0.]]
77,1,56.0,52.0,4.0,0.0,0.0,[[56.]],[[52.]],[[4.]],[[0.]],[[0.]],[[0.]],[[26.43200307]],[[0.]],[[0.]],[[0.]]
78,1,57.0,53.0,4.0,0.0,0.0,[[57.]],[[53.]],[[4.]],[[0.]],[[0.]],[[0.]],[[26.62062926]],[[0.]],[[0.]],[[0.]]
79,1,57.0,53.0,4.0,0.0,0.0,[[57.]],[[53.]],[[4.]],[[0.]],[[0.]],[[0.]],[[26.80792641]],[[0.]],[[0.]],[[0.]]
80,1,58.0,54.0,4.0,0.0,0.0,[[58.]],[[54.]],[[4.]],[[0.]],[[0.]],[[0.]],[[26.99392223]],[[0.]],[[0.]],[[0.]]
81,1,58.0,53.0,5.0,0.0,0.0,[[58.]],[[53.]],[[5.]],[[0.]],[[0.]],[[0.]],[[27.14179994]],[[0.]],[[0.]],[[0.]]
82,1,58.0,53.0,5.0,0.0,0.0,[[58.]],[[53.]],[[5.]],[[0.]],[[0.]],[[0.]],[[27.32552021]],[[0.]],[[0.]],[[0.]]
83,1,58.0,53.0,5.0,0.0,0.0,[[58.]],[[53.]],[[5.]],[[0.]],[[0.]],[[0.]],[[27.50801184]],[[0.]],[[0.]],[[0.]]
84,1,59.0,53.0,6.0,0.0,0.0,[[59.]],[[53.]],[[6.]],[[0.]],[[0.]],[[0.]],[[27.65313691]],[[0.]],[[0.]],[[0.]]
85,1,58.0,53.0,5.0,0.0,0.0,[[58.]],[[53.]],[[5.]],[[0.]],[[0.]],[[0.]],[[27.83347778]],[[0.]],[[0.]],[[0.]]
86,1,58.0,53.0,5.0,0.0,0.0,[[58.]],[[53.]],[[5.]],[[0.]],[[0.]],[[0.]],[[28.01265618]],[[0.]],[[0.]],[[0.]]
87,1,58.0,53.0,5.0,0.0,0.0,[[58.]],[[53.]],[[5.]],[[0.]],[[0.]],[[0.]],[[28.19069432]],[[0.]],[[0.]],[[0.]]
88,1,57.0,53.0,4.0,0.0,0.0,[[57.]],[[53.]],[[4.]],[[0.]],[[0.]],[[0.]],[[28.36761368]],[[0.]],[[0.]],[[0.]]
89,1,57.0,53.0,4.0,0.0,0.0,[[57.]],[[53.]],[[4.]],[[0.]],[[0.]],[[0.]],[[28.54343513]],[[0.]],[[0.]],[[0.]]
90,1,56.0,53.0,3.0,0.0,0.0,[[56.]],[[53.]],[[3.]],[[0.]],[[0.]],[[0.]],[[28.71817884]],[[0.]],[[0.]],[[0.]]
91,1,56.0,53.0,3.0,0.0,0.0,[[56.]],[[53.]],[[3.]],[[0.]],[[0.]],[[0.]],[[28.89186441]],[[0.]],[[0.]],[[0.]]
92,1,57.0,54.0,3.0,0.0,0.0,[[57.]],[[54.]],[[3.]],[[0.]],[[0.]],[[0.]],[[29.06451084]],[[0.]],[[0.]],[[0.]]
93,1,57.0,54.0,3.0,0.0,0.0,[[57.]],[[54.]],[[3.]],[[0.]],[[0.]],[[0.]],[[29.23613657]],[[0.]],[[0.]],[[0.]]
94,1,56.0,53.0,3.0,0.0,0.0,[[56.]],[[53.]],[[3.]],[[0.]],[[0.]],[[0.]],[[29.37271429]],[[0.]],[[0.]],[[0.]]
95,1,57.0,54.0,3.0,0.0,0.0,[[57.]],[[54.]],[[3.]],[[0.]],[[0.]],[[0.]],[[29.54254752]],[[0.]],[[0.]],[[0.]]
96,1,57.0,54.0,3.0,0.0,0.0,[[57.]],[[54.]],[[3.]],[[0.]],[[0.]],[[0.]],[[29.71140886]],[[0.]],[[0.]],[[0.]]
97,1,57.0,53.0,4.0,0.0,0.0,[[57.]],[[53.]],[[4.]],[[0.]],[[0.]],[[0.]],[[29.84580929]],[[0.]],[[0.]],[[0.]]
98,1,57.0,53.0,4.0,0.0,0.0,[[57.]],[[53.]],[[4.]],[[0.]],[[0.]],[[0.]],[[30.01296254]],[[0.]],[[0.]],[[0.]]
99,1,57.0,53.0,4.0,0.0,0.0,[[57.]],[[53.]],[[4.]],[[0.]],[[0.]],[[0.]],[[30.17918897]],[[0.]],[[0.]],[[0.]]
100,1,57.0,53.0,4.0,0.0,0.0,[[57.]],[[53.]],[[4.]],[[0.]],[[0.]],[[0.]],[[30.34450383]],[[0.]],[[0.]],[[0.]]
101,1,57.0,53.0,4.0,0.0,0.0,[[57.]],[[53.]],[[4.]],[[0.]],[[0.]],[[0.]],[[30.50892196]],[[0.]],[[0.]],[[0.]]
102,1,0.0,0.0,0.0,0.0,0.0,[[0.]],[[0.]],[[0.]],[[0.]],[[0.]],[[0.]],[[30.50892196]],[[0.]],[[0.]],[[0.]]
103,2,5.0,5.0,0.0,0.0,0.0,[[5.]],[[5.]],[[0.]],[[0.]],[[0.]],[[0.]],[[30.67245781]],[[0.]],[[0.]],[[0.]]
104,2,10.0,10.0,0.0,0.0,0.0,[[10.]],[[10.]],[[0.]],[[0.]],[[0.]],[[0.]],[[30.83512543]],[[0.]],[[0.]],[[0.]]
105,2,15.0,15.0,0.0,0.0,0.0,[[15.]],[[15.]],[[0.]],[[0.]],[[0.]],[[0.]],[[30.99693851]],[[0.]],[[0.]],[[0.]]
106,2,20.0,20.0,0.0,0.0,0.0,[[20.]],[[20.]],[[0.]],[[0.]],[[0.]],[[0.]],[[31.15791038]],[[0.]],[[0.]],[[0.]]
107,2,25.0,25.0,0.0,0.0,0.0,[[25.]],[[25.]],[[0.]],[[0.]],[[0.]],[[0.]],[[31.31805403]],[[0.]],[[0.]],[[0.]]
108,2,30.0,30.0,0.0,0.0,0.0,[[30.]],[[30.]],[[0.]],[[0.]],[[0.]],[[0.]],[[31.47738213]],[[0.]],[[0.]],[[0.]]
109,2,35.0,34.0,1.0,0.0,0.0,[[35.]],[[34.]],[[1.]],[[0.]],[[0.]],[[0.]],[[31.6042657]],[[0.]],[[0.]],[[0.]]
110,2,40.0,39.0,1.0,0.0,0.0,[[40.]],[[39.]],[[1.]],[[0.]],[[0.]],[[0.]],[[31.76215667]],[[0.]],[[0.]],[[0.]]
111,2,45.0,44.0,1.0,0.0,0.0,[[45.]],[[44.]],[[1.]],[[0.]],[[0.]],[[0.]],[[31.91926586]],[[0.]],[[0.]],[[0.]]
112,2,50.0,49.0,1.0,0.0,0.0,[[50.]],[[49.]],[[1.]],[[0.]],[[0.]],[[0.]],[[32.07560477]],[[0.]],[[0.]],[[0.]]
113,2,55.0,54.0,1.0,0.0,0.0,[[55.]],[[54.]],[[1.]],[[0.]],[[0.]],[[0.]],[[32.23118463]],[[0.]],[[0.]],[[0.]]
114,2,55.0,54.0,1.0,0.0,0.0,[[55.]],[[54.]],[[1.]],[[0.]],[[0.]],[[0.]],[[32.38601638]],[[0.]],[[0.]],[[0.]]
115,2,55.0,54.0,1.0,0.0,0.0,[[55.]],[[54.]],[[1.]],[[0.]],[[0.]],[[0.]],[[32.54011073]],[[0.]],[[0.]],[[0.]]
116,2,55.0,54.0,1.0,0.0,0.0,[[55.]],[[54.]],[[1.]],[[0.]],[[0.]],[[0.]],[[32.6934781]],[[0.]],[[0.]],[[0.]]
117,2,55.0,54.0,1.0,0.0,0.0,[[55.]],[[54.]],[[1.]],[[0.]],[[0.]],[[0.]],[[32.8461287]],[[0.]],[[0.]],[[0.]]
118,2,55.0,54.0,1.0,0.0,0.0,[[55.]],[[54.]],[[1.]],[[0.]],[[0.]],[[0.]],[[32.99807249]],[[0.]],[[0.]],[[0.]]
119,2,55.0,54.0,1.0,0.0,0.0,[[55.]],[[54.]],[[1.]],[[0.]],[[0.]],[[0.]],[[33.1493192]],[[0.]],[[0.]],[[0.]]
120,2,56.0,55.0,1.0,0.0,0.0,[[56.]],[[55.]],[[1.]],[[0.]],[[0.]],[[0.]],[[33.29987833]],[[0.]],[[0.]],[[0.]]
121,2,56.0,55.0,1.0,0.0,0.0,[[56.]],[[55.]],[[1.]],[[0.]],[[0.]],[[0.]],[[33.44975919]],[[0.]],[[0.]],[[0.]]
122,2,56.0,55.0,1.0,0.0,0.0,[[56.]],[[55.]],[[1.]],[[0.]],[[0.]],[[0.]],[[33.59897086]],[[0.]],[[0.]],[[0.]]
123,2,56.0,55.0,1.0,0.0,0.0,[[56.]],[[55.]],[[1.]],[[0.]],[[0.]],[[0.]],[[33.74752222]],[[0.]],[[0.]],[[0.]]
124,2,56.0,55.0,1.0,0.0,0.0,[[56.]],[[55.]],[[1.]],[[0.]],[[0.]],[[0.]],[[33.89542198]],[[0.]],[[0.]],[[0.]]
125,2,56.0,55.0,1.0,0.0,0.0,[[56.]],[[55.]],[[1.]],[[0.]],[[0.]],[[0.]],[[34.04267863]],[[0.]],[[0.]],[[0.]]
126,2,56.0,55.0,1.0,0.0,0.0,[[56.]],[[55.]],[[1.]],[[0.]],[[0.]],[[0.]],[[34.18930048]],[[0.]],[[0.]],[[0.]]
127,2,56.0,55.0,1.0,0.0,0.0,[[56.]],[[55.]],[[1.]],[[0.]],[[0.]],[[0.]],[[34.3352957]],[[0.]],[[0.]],[[0.]]
128,2,56.0,55.0,1.0,0.0,0.0,[[56.]],[[55.]],[[1.]],[[0.]],[[0.]],[[0.]],[[34.48067223]],[[0.]],[[0.]],[[0.]]
129,2,56.0,55.0,1.0,0.0,0.0,[[56.]],[[55.]],[[1.]],[[0.]],[[0.]],[[0.]],[[34.62543789]],[[0.]],[[0.]],[[0.]]
130,2,55.0,55.0,0.0,0.0,0.0,[[55.]],[[55.]],[[0.]],[[0.]],[[0.]],[[0.]],[[34.7696003]],[[0.]],[[0.]],[[0.]]
131,2,55.0,55.0,0.0,0.0,0.0,[[55.]],[[55.]],[[0.]],[[0.]],[[0.]],[[0.]],[[34.91316697]],[[0.]],[[0.]],[[0.]]
132,2,55.0,55.0,0.0,0.0,0.0,[[55.]],[[55.]],[[0.]],[[0.]],[[0.]],[[0.]],[[35.0561452]],[[0.]],[[0.]],[[0.]]
133,2,55.0,54.0,1.0,0.0,0.0,[[55.]],[[54.]],[[1.]],[[0.]],[[0.]],[[0.]],[[35.17010894]],[[0.]],[[0.]],[[0.]]
134,2,55.0,54.0,1.0,0.0,0.0,[[55.]],[[54.]],[[1.]],[[0.]],[[0.]],[[0.]],[[35.312046]],[[0.]],[[0.]],[[0.]]
135,2,55.0,52.0,3.0,0.0,0.0,[[55.]],[[52.]],[[3.]],[[0.]],[[0.]],[[0.]],[[35.39693482]],[[0.]],[[0.]],[[0.]]
136,2,55.0,52.0,3.0,0.0,0.0,[[55.]],[[52.]],[[3.]],[[0.]],[[0.]],[[0.]],[[35.53796523]],[[0.]],[[0.]],[[0.]]
137,2,55.0,52.0,3.0,0.0,0.0,[[55.]],[[52.]],[[3.]],[[0.]],[[0.]],[[0.]],[[35.67843773]],[[0.]],[[0.]],[[0.]]
138,2,55.0,52.0,3.0,0.0,0.0,[[55.]],[[52.]],[[3.]],[[0.]],[[0.]],[[0.]],[[35.8183589]],[[0.]],[[0.]],[[0.]]
139,2,55.0,52.0,3.0,0.0,0.0,[[55.]],[[52.]],[[3.]],[[0.]],[[0.]],[[0.]],[[35.95773518]],[[0.]],[[0.]],[[0.]]
140,2,55.0,52.0,3.0,0.0,0.0,[[55.]],[[52.]],[[3.]],[[0.]],[[0.]],[[0.]],[[36.0965729]],[[0.]],[[0.]],[[0.]]
141,2,55.0,52.0,3.0,0.0,0.0,[[55.]],[[52.]],[[3.]],[[0.]],[[0.]],[[0.]],[[36.23487823]],[[0.]],[[0.]],[[0.]]
142,2,55.0,52.0,3.0,0.0,0.0,[[55.]],[[52.]],[[3.]],[[0.]],[[0.]],[[0.]],[[36.37265727]],[[0.]],[[0.]],[[0.]]
143,2,55.0,52.0,3.0,0.0,0.0,[[55.]],[[52.]],[[3.]],[[0.]],[[0.]],[[0.]],[[36.50991598]],[[0.]],[[0.]],[[0.]]
144,2,56.0,53.0,3.0,0.0,0.0,[[56.]],[[53.]],[[3.]],[[0.]],[[0.]],[[0.]],[[36.64666021]],[[0.]],[[0.]],[[0.]]
145,2,56.0,53.0,3.0,0.0,0.0,[[56.]],[[53.]],[[3.]],[[0.]],[[0.]],[[0.]],[[36.78289571]],[[0.]],[[0.]],[[0.]]
146,2,58.0,55.0,3.0,0.0,0.0,[[58.]],[[55.]],[[3.]],[[0.]],[[0.]],[[0.]],[[36.91862811]],[[0.]],[[0.]],[[0.]]
147,2,58.0,54.0,4.0,0.0,0.0,[[58.]],[[54.]],[[4.]],[[0.]],[[0.]],[[0.]],[[37.02685552]],[[0.]],[[0.]],[[0.]]
148,2,58.0,54.0,4.0,0.0,0.0,[[58.]],[[54.]],[[4.]],[[0.]],[[0.]],[[0.]],[[37.16169622]],[[0.]],[[0.]],[[0.]]
149,2,58.0,54.0,4.0,0.0,0.0,[[58.]],[[54.]],[[4.]],[[0.]],[[0.]],[[0.]],[[37.29604907]],[[0.]],[[0.]],[[0.]]
150,2,58.0,54.0,4.0,0.0,0.0,[[58.]],[[54.]],[[4.]],[[0.]],[[0.]],[[0.]],[[37.42991932]],[[0.]],[[0.]],[[0.]]
151,2,58.0,54.0,4.0,0.0,0.0,[[58.]],[[54.]],[[4.]],[[0.]],[[0.]],[[0.]],[[37.56331215]],[[0.]],[[0.]],[[0.]]
152,2,58.0,54.0,4.0,0.0,0.0,[[58.]],[[54.]],[[4.]],[[0.]],[[0.]],[[0.]],[[37.69623261]],[[0.]],[[0.]],[[0.]]
153,2,0.0,0.0,0.0,0.0,0.0,[[0.]],[[0.]],[[0.]],[[0.]],[[0.]],[[0.]],[[37.69623261]],[[0.]],[[0.]],[[0.]]
154,3,5.0,5.0,0.0,0.0,0.0,[[5.]],[[5.]],[[0.]],[[0.]],[[0.]],[[0.]],[[37.8286857]],[[0.]],[[0.]],[[0.]]
155,3,10.0,10.0,0.0,0.0,0.0,[[10.]],[[10.]],[[0.]],[[0.]],[[0.]],[[0.]],[[37.96067631]],[[0.]],[[0.]],[[0.]]
156,3,15.0,15.0,0.0,0.0,0.0,[[15.]],[[15.]],[[0.]],[[0.]],[[0.]],[[0.]],[[38.09220926]],[[0.]],[[0.]],[[0.]]
157,3,20.0,20.0,0.0,0.0,0.0,[[20.]],[[20.]],[[0.]],[[0.]],[[0.]],[[0.]],[[38.22328927]],[[0.]],[[0.]],[[0.]]
158,3,25.0,25.0,0.0,0.0,0.0,[[25.]],[[25.]],[[0.]],[[0.]],[[0.]],[[0.]],[[38.35392099]],[[0.]],[[0.]],[[0.]]
159,3,30.0,30.0,0.0,0.0,0.0,[[30.]],[[30.]],[[0.]],[[0.]],[[0.]],[[0.]],[[38.484109]],[[0.]],[[0.]],[[0.]]
160,3,35.0,35.0,0.0,0.0,0.0,[[35.]],[[35.]],[[0.]],[[0.]],[[0.]],[[0.]],[[38.61385778]],[[0.]],[[0.]],[[0.]]
161,3,40.0,40.0,0.0,0.0,0.0,[[40.]],[[40.]],[[0.]],[[0.]],[[0.]],[[0.]],[[38.74317174]],[[0.]],[[0.]],[[0.]]
162,3,45.0,45.0,0.0,0.0,0.0,[[45.]],[[45.]],[[0.]],[[0.]],[[0.]],[[0.]],[[38.87205524]],[[0.]],[[0.]],[[0.]]
163,3,50.0,49.0,1.0,0.0,0.0,[[50.]],[[49.]],[[1.]],[[0.]],[[0.]],[[0.]],[[38.97485498]],[[0.]],[[0.]],[[0.]]
164,3,55.0,54.0,1.0,0.0,0.0,[[55.]],[[54.]],[[1.]],[[0.]],[[0.]],[[0.]],[[39.10297436]],[[0.]],[[0.]],[[0.]]
165,3,55.0,54.0,1.0,0.0,0.0,[[55.]],[[54.]],[[1.]],[[0.]],[[0.]],[[0.]],[[39.23067505]],[[0.]],[[0.]],[[0.]]
166,3,55.0,54.0,1.0,0.0,0.0,[[55.]],[[54.]],[[1.]],[[0.]],[[0.]],[[0.]],[[39.35796115]],[[0.]],[[0.]],[[0.]]
167,3,55.0,54.0,1.0,0.0,0.0,[[55.]],[[54.]],[[1.]],[[0.]],[[0.]],[[0.]],[[39.48483665]],[[0.]],[[0.]],[[0.]]
168,3,55.0,54.0,1.0,0.0,0.0,[[55.]],[[54.]],[[1.]],[[0.]],[[0.]],[[0.]],[[39.61130551]],[[0.]],[[0.]],[[0.]]
169,3,55.0,54.0,1.0,0.0,0.0,[[55.]],[[54.]],[[1.]],[[0.]],[[0.]],[[0.]],[[39.73737161]],[[0.]],[[0.]],[[0.]]
170,3,55.0,54.0,1.0,0.0,0.0,[[55.]],[[54.]],[[1.]],[[0.]],[[0.]],[[0.]],[[39.86303878]],[[0.]],[[0.]],[[0.]]
171,3,55.0,54.0,1.0,0.0,0.0,[[55.]],[[54.]],[[1.]],[[0.]],[[0.]],[[0.]],[[39.98831079]],[[0.]],[[0.]],[[0.]]
172,3,55.0,54.0,1.0,0.0,0.0,[[55.]],[[54.]],[[1.]],[[0.]],[[0.]],[[0.]],[[40.11319133]],[[0.]],[[0.]],[[0.]]
173,3,55.0,54.0,1.0,0.0,0.0,[[55.]],[[54.]],[[1.]],[[0.]],[[0.]],[[0.]],[[40.23768406]],[[0.]],[[0.]],[[0.]]
174,3,56.0,55.0,1.0,0.0,0.0,[[56.]],[[55.]],[[1.]],[[0.]],[[0.]],[[0.]],[[40.36179256]],[[0.]],[[0.]],[[0.]]
175,3,56.0,55.0,1.0,0.0,0.0,[[56.]],[[55.]],[[1.]],[[0.]],[[0.]],[[0.]],[[40.48552038]],[[0.]],[[0.]],[[0.]]
176,3,56.0,55.0,1.0,0.0,0.0,[[56.]],[[55.]],[[1.]],[[0.]],[[0.]],[[0.]],[[40.608871]],[[0.]],[[0.]],[[0.]]
177,3,56.0,55.0,1.0,0.0,0.0,[[56.]],[[55.]],[[1.]],[[0.]],[[0.]],[[0.]],[[40.73184784]],[[0.]],[[0.]],[[0.]]
178,3,56.0,55.0,1.0,0.0,0.0,[[56.]],[[55.]],[[1.]],[[0.]],[[0.]],[[0.]],[[40.85445428]],[[0.]],[[0.]],[[0.]]
179,3,56.0,55.0,1.0,0.0,0.0,[[56.]],[[55.]],[[1.]],[[0.]],[[0.]],[[0.]],[[40.97669366]],[[0.]],[[0.]],[[0.]]
180,3,56.0,55.0,1.0,0.0,0.0,[[56.]],[[55.]],[[1.]],[[0.]],[[0.]],[[0.]],[[41.09856925]],[[0.]],[[0.]],[[0.]]
181,3,56.0,55.0,1.0,0.0,0.0,[[56.]],[[55.]],[[1.]],[[0.]],[[0.]],[[0.]],[[41.22008427]],[[0.]],[[0.]],[[0.]]
182,3,56.0,55.0,1.0,0.0,0.0,[[56.]],[[55.]],[[1.]],[[0.]],[[0.]],[[0.]],[[41.34124191]],[[0.]],[[0.]],[[0.]]
183,3,56.0,55.0,1.0,0.0,0.0,[[56.]],[[55.]],[[1.]],[[0.]],[[0.]],[[0.]],[[41.46204532]],[[0.]],[[0.]],[[0.]]
184,3,55.0,55.0,0.0,0.0,0.0,[[55.]],[[55.]],[[0.]],[[0.]],[[0.]],[[0.]],[[41.58249756]],[[0.]],[[0.]],[[0.]]
185,3,55.0,55.0,0.0,0.0,0.0,[[55.]],[[55.]],[[0.]],[[0.]],[[0.]],[[0.]],[[41.7026017]],[[0.]],[[0.]],[[0.]]
186,3,55.0,55.0,0.0,0.0,0.0,[[55.]],[[55.]],[[0.]],[[0.]],[[0.]],[[0.]],[[41.82236073]],[[0.]],[[0.]],[[0.]]
187,3,55.0,55.0,0.0,0.0,0.0,[[55.]],[[55.]],[[0.]],[[0.]],[[0.]],[[0.]],[[41.94177761]],[[0.]],[[0.]],[[0.]]
188,3,55.0,55.0,0.0,0.0,0.0,[[55.]],[[55.]],[[0.]],[[0.]],[[0.]],[[0.]],[[42.06085526]],[[0.]],[[0.]],[[0.]]
189,3,55.0,55.0,0.0,0.0,0.0,[[55.]],[[55.]],[[0.]],[[0.]],[[0.]],[[0.]],[[42.17959655]],[[0.]],[[0.]],[[0.]]
190,3,55.0,55.0,0.0,0.0,0.0,[[55.]],[[55.]],[[0.]],[[0.]],[[0.]],[[0.]],[[42.29800431]],[[0.]],[[0.]],[[0.]]
191,3,55.0,55.0,0.0,0.0,0.0,[[55.]],[[55.]],[[0.]],[[0.]],[[0.]],[[0.]],[[42.41608135]],[[0.]],[[0.]],[[0.]]
192,3,55.0,55.0,0.0,0.0,0.0,[[55.]],[[55.]],[[0.]],[[0.]],[[0.]],[[0.]],[[42.53383042]],[[0.]],[[0.]],[[0.]]
193,3,55.0,55.0,0.0,0.0,0.0,[[55.]],[[55.]],[[0.]],[[0.]],[[0.]],[[0.]],[[42.65125424]],[[0.]],[[0.]],[[0.]]
194,3,55.0,54.0,1.0,0.0,0.0,[[55.]],[[54.]],[[1.]],[[0.]],[[0.]],[[0.]],[[42.74496091]],[[0.]],[[0.]],[[0.]]
195,3,55.0,54.0,1.0,0.0,0.0,[[55.]],[[54.]],[[1.]],[[0.]],[[0.]],[[0.]],[[42.861806]],[[0.]],[[0.]],[[0.]]
196,3,55.0,54.0,1.0,0.0,0.0,[[55.]],[[54.]],[[1.]],[[0.]],[[0.]],[[0.]],[[42.97833326]],[[0.]],[[0.]],[[0.]]
197,3,55.0,54.0,1.0,0.0,0.0,[[55.]],[[54.]],[[1.]],[[0.]],[[0.]],[[0.]],[[43.09454525]],[[0.]],[[0.]],[[0.]]
198,3,55.0,54.0,1.0,0.0,0.0,[[55.]],[[54.]],[[1.]],[[0.]],[[0.]],[[0.]],[[43.21044454]],[[0.]],[[0.]],[[0.]]
199,3,55.0,54.0,1.0,0.0,0.0,[[55.]],[[54.]],[[1.]],[[0.]],[[0.]],[[0.]],[[43.32603362]],[[0.]],[[0.]],[[0.]]
